[
  {
    "name": "PriceList",
    "created_by": "Michelle Williams",
    "type": "xls",
    "size": "20Kb",
    "date_created": "2011-06-23T18:25:43.511Z",
    "last_modified": "2014-03-23T18:25:43.511Z",
    "id": 1
  },
  {
    "name": "CustomerList",
    "created_by": "Gorge Clooney",
    "type": "xls",
    "size": "10Kb",
    "date_created": "2010-05-23T18:25:43.511Z",
    "last_modified": "2012-09-23T18:25:43.511Z",
    "id": 2
  },
  {
    "name": "SalesPipeline",
    "created_by": "Brad Pitt",
    "type": "pdf",
    "size": "2Kb",
    "date_created": "2011-02-25T18:25:43.511Z",
    "last_modified": "2012-04-23T18:25:43.511Z",
    "id": 3
  },
 {
    "name": "Forecast",
    "created_by": "Olivia Wilde",
    "type": "xls",
    "size": "2MB",
    "date_created": "2012-01-23T18:25:43.511Z",
    "last_modified": "2012-04-23T18:25:43.511Z",
    "id": 4
  },
  {
    "name": "ProductRoadMap",
    "created_by": "Ryan Gosling",
    "type": "pdf",
    "size": "200Kb",
    "date_created": "2012-07-23T18:25:43.511Z",
    "last_modified": "2014-04-23T18:25:43.511Z",
    "id": 5
  }
]
